Region,Market,Chart,Name,Unit,Source,2000,2001,2002,2003,2004,2005,2006,2007,2008,2009,2010,2011,2012,2013,2014,2015,2016,2017,2018,2019,2020,2021,2022,2023,2024,2025,2026,2027,2028,2029,2030,2031,2032,2033,2034,2035,2036,2037,2038,2039,2040,2041,2042,2043,2044,2045,2046,2047,2048,2049,2050,,,,
Netherlands,Mental Health,Patients,Total,million users,Statista Market Insights,,,,,,,,,,,,,,,,,1.62,1.61,1.62,1.63,1.77,1.80,1.85,1.89,1.93,1.97,2.02,2.06,2.10,,,,,,,,,,,,,,,,,,,,,,,,,,
Netherlands,Mental Health,Patients,Anxiety and Related Sleep Disorders,million users,Statista Market Insights,,,,,,,,,,,,,,,,,1.30,1.28,1.28,1.29,1.42,1.44,1.47,1.49,1.52,1.54,1.57,1.59,1.62,,,,,,,,,,,,,,,,,,,,,,,,,,
Netherlands,Mental Health,Patients,Depressive Disorders,million users,Statista Market Insights,,,,,,,,,,,,,,,,,0.66,0.67,0.67,0.68,0.74,0.75,0.79,0.82,0.85,0.88,0.91,0.94,0.97,,,,,,,,,,,,,,,,,,,,,,,,,,
Netherlands,Mental Health,Patients,Psychotic Disorders,million users,Statista Market Insights,,,,,,,,,,,,,,,,,0.22,0.22,0.22,0.22,0.22,0.22,0.23,0.23,0.23,0.23,0.23,0.23,0.23,,,,,,,,,,,,,,,,,,,,,,,,,,
Netherlands,Mental Health,Penetration Rate ,Total,percent,Statista Market Insights,,,,,,,,,,,,,,,,,9.43,9.37,9.37,9.40,10.17,10.30,10.51,10.72,10.93,11.14,11.34,11.55,11.75,,,,,,,,,,,,,,,,,,,,,,,,,,
Netherlands,Mental Health,Penetration Rate ,Anxiety and Related Sleep Disorders,percent,Statista Market Insights,,,,,,,,,,,,,,,,,7.56,7.42,7.42,7.45,8.12,8.24,8.36,8.47,8.59,8.70,8.81,8.93,9.04,,,,,,,,,,,,,,,,,,,,,,,,,,
Netherlands,Mental Health,Penetration Rate ,Depressive Disorders,percent,Statista Market Insights,,,,,,,,,,,,,,,,,3.83,3.88,3.89,3.90,4.25,4.31,4.47,4.63,4.79,4.95,5.11,5.27,5.43,,,,,,,,,,,,,,,,,,,,,,,,,,
Netherlands,Mental Health,Penetration Rate ,Psychotic Disorders,percent,Statista Market Insights,,,,,,,,,,,,,,,,,1.27,1.27,1.27,1.27,1.28,1.28,1.28,1.29,1.29,1.30,1.30,1.30,1.31,,,,,,,,,,,,,,,,,,,,,,,,,,
Netherlands,Mental Health,Revenue ,Total,million USD (US$),Statista Market Insights,,,,,,,,,,,,,,,,,185.40,191.00,203.00,194.50,201.30,210.20,210.70,214.00,216.40,218.20,219.60,220.70,221.40,,,,,,,,,,,,,,,,,,,,,,,,,,
Netherlands,Mental Health,Revenue ,Anxiety and Related Sleep Disorders,million USD (US$),Statista Market Insights,,,,,,,,,,,,,,,,,37.67,38.75,40.86,39.02,40.08,41.88,41.88,42.49,42.95,43.29,43.55,43.74,43.88,,,,,,,,,,,,,,,,,,,,,,,,,,
Netherlands,Mental Health,Revenue ,Depressive Disorders,million USD (US$),Statista Market Insights,,,,,,,,,,,,,,,,,114.50,119.00,126.70,122.10,126.60,133.50,134.00,136.50,138.40,139.80,140.90,141.70,142.30,,,,,,,,,,,,,,,,,,,,,,,,,,
Netherlands,Mental Health,Revenue ,Psychotic Disorders,million USD (US$),Statista Market Insights,,,,,,,,,,,,,,,,,33.23,33.27,35.49,33.32,34.61,34.82,34.84,34.97,35.07,35.14,35.20,35.24,35.27,,,,,,,,,,,,,,,,,,,,,,,,,,
Netherlands,Mental Health,Revenue Growth ,Total,percent,Statista Market Insights,,,,,,,,,,,,,,,,,,3.02,6.28,-4.19,3.50,4.42,0.24,1.57,1.12,0.83,0.64,0.50,0.32,,,,,,,,,,,,,,,,,,,,,,,,,,
Netherlands,Mental Health,Revenue Growth ,Anxiety and Related Sleep Disorders,percent,Statista Market Insights,,,,,,,,,,,,,,,,,,2.87,5.45,-4.50,2.72,4.49,0.00,1.46,1.08,0.79,0.60,0.44,0.32,,,,,,,,,,,,,,,,,,,,,,,,,,
Netherlands,Mental Health,Revenue Growth ,Depressive Disorders,percent,Statista Market Insights,,,,,,,,,,,,,,,,,,3.93,6.47,-3.63,3.69,5.45,0.38,1.87,1.39,1.01,0.79,0.57,0.42,,,,,,,,,,,,,,,,,,,,,,,,,,
Netherlands,Mental Health,Revenue Growth ,Psychotic Disorders,percent,Statista Market Insights,,,,,,,,,,,,,,,,,,0.12,6.67,-6.11,3.87,0.61,0.06,0.37,0.29,0.20,0.17,0.11,0.09,,,,,,,,,,,,,,,,,,,,,,,,,,
Netherlands,Mental Health,Average Revenue per Patient,Total,USD (US$),Statista Market Insights,,,,,,,,,,,,,,,,,114.80,118.50,125.30,119.10,113.50,116.60,114.10,113.30,112.10,110.60,109.00,107.20,105.50,,,,,,,,,,,,,,,,,,,,,,,,,,
Netherlands,Mental Health,Average Revenue per Patient,Anxiety and Related Sleep Disorders,USD (US$),Statista Market Insights,,,,,,,,,,,,,,,,,29.10,30.35,31.85,30.16,28.31,29.04,28.53,28.47,28.30,28.07,27.80,27.50,27.17,,,,,,,,,,,,,,,,,,,,,,,,,,
Netherlands,Mental Health,Average Revenue per Patient,Depressive Disorders,USD (US$),Statista Market Insights,,,,,,,,,,,,,,,,,174.60,178.20,188.40,180.30,170.90,177.00,170.70,167.30,163.50,159.30,155.10,150.90,146.80,,,,,,,,,,,,,,,,,,,,,,,,,,
Netherlands,Mental Health,Average Revenue per Patient,Psychotic Disorders,USD (US$),Statista Market Insights,,,,,,,,,,,,,,,,,152.80,152.30,161.70,151.10,155.10,155.40,154.40,154.10,153.60,153.00,152.40,151.70,151.00,,,,,,,,,,,,,,,,,,,,,,,,,,
Netherlands,Depressive Disorders,Patients,Total,million users,,,,,,,,,,,,,,,,,,0.66,0.67,0.67,0.68,0.74,0.75,0.79,0.82,0.85,0.88,0.91,0.94,0.97,,,,,,,,,,,,,,,,,,,,,,,,,,
Netherlands,Depressive Disorders,Penetration Rate,Total,percent,,,,,,,,,,,,,,,,,,3.83,3.88,3.89,3.90,4.25,4.31,4.47,4.63,4.79,4.95,5.11,5.27,5.43,,,,,,,,,,,,,,,,,,,,,,,,,,
Netherlands,Depressive Disorders,Revenue,Total,million USD (US$),,,,,,,,,,,,,,,,,,114.50,119.00,126.70,122.10,126.60,133.50,134.00,136.50,138.40,139.80,140.90,141.70,142.30,,,,,,,,,,,,,,,,,,,,,,,,,,
Netherlands,Depressive Disorders,Revenue Growth,Total,percent,,,,,,,,,,,,,,,,,,,3.93,6.47,-3.63,3.69,5.45,0.38,1.87,1.39,1.01,0.79,0.57,0.42,,,,,,,,,,,,,,,,,,,,,,,,,,
Netherlands,Depressive Disorders,Average Revenue per Patient,Total,USD (US$),,,,,,,,,,,,,,,,,,174.60,178.20,188.40,180.30,170.90,177.00,170.70,167.30,163.50,159.30,155.10,150.90,146.80,,,,,,,,,,,,,,,,,,,,,,,,,,
Netherlands,Anxiety and Related Sleep Disorders,Patients,Total,million users,Statista Market Insights,,,,,,,,,,,,,,,,,1.30,1.28,1.28,1.29,1.42,1.44,1.47,1.49,1.52,1.54,1.57,1.59,1.62,,,,,,,,,,,,,,,,,,,,,,,,,,
Netherlands,Anxiety and Related Sleep Disorders,Penetration Rate,Total,percent,Statista Market Insights,,,,,,,,,,,,,,,,,7.56,7.42,7.42,7.45,8.12,8.24,8.36,8.47,8.59,8.70,8.81,8.93,9.04,,,,,,,,,,,,,,,,,,,,,,,,,,
Netherlands,Anxiety and Related Sleep Disorders,Revenue,Total,million USD (US$),Statista Market Insights,,,,,,,,,,,,,,,,,37.67,38.75,40.86,39.02,40.08,41.88,41.88,42.49,42.95,43.29,43.55,43.74,43.88,,,,,,,,,,,,,,,,,,,,,,,,,,
Netherlands,Anxiety and Related Sleep Disorders,Revenue Growth,Total,percent,Statista Market Insights,,,,,,,,,,,,,,,,,,2.87,5.45,-4.50,2.72,4.49,0.00,1.46,1.08,0.79,0.60,0.44,0.32,,,,,,,,,,,,,,,,,,,,,,,,,,
Netherlands,Anxiety and Related Sleep Disorders,Average Revenue per Patient,Total,USD (US$),Statista Market Insights,,,,,,,,,,,,,,,,,29.10,30.35,31.85,30.16,28.31,29.04,28.53,28.47,28.30,28.07,27.80,27.50,27.17,,,,,,,,,,,,,,,,,,,,,,,,,,
Netherlands,Psychotic Disorders,Patients,Total,thousand users,Statista Market Insights,,,,,,,,,,,,,,,,,217.50,218.50,219.50,220.50,223.20,224.00,225.60,227.00,228.30,229.70,231.00,232.30,233.50,,,,,,,,,,,,,,,,,,,,,,,,,,
Netherlands,Psychotic Disorders,Penetration Rate,Total,percent,Statista Market Insights,,,,,,,,,,,,,,,,,1.27,1.27,1.27,1.27,1.28,1.28,1.28,1.29,1.29,1.30,1.30,1.30,1.31,,,,,,,,,,,,,,,,,,,,,,,,,,
Netherlands,Psychotic Disorders,Revenue,Total,million USD (US$),Statista Market Insights,,,,,,,,,,,,,,,,,33.23,33.27,35.49,33.32,34.61,34.82,34.84,34.97,35.07,35.14,35.20,35.24,35.27,,,,,,,,,,,,,,,,,,,,,,,,,,
Netherlands,Psychotic Disorders,Revenue Growth,Total,percent,Statista Market Insights,,,,,,,,,,,,,,,,,,0.12,6.67,-6.11,3.87,0.61,0.06,0.37,0.29,0.20,0.17,0.11,0.09,,,,,,,,,,,,,,,,,,,,,,,,,,
Netherlands,Psychotic Disorders,Average Revenue per Patient,Total,USD (US$),Statista Market Insights,,,,,,,,,,,,,,,,,152.80,152.30,161.70,151.10,155.10,155.40,154.40,154.10,153.60,153.00,152.40,151.70,151.00,,,,,,,,,,,,,,,,,,,,,,,,,,
Netherlands,Key Market Indicators,Population,Population,thousand,,15900.00,15980.00,16060.00,16130.00,16200.00,16260.00,16330.00,16390.00,16460.00,16540.00,16620.00,16700.00,16790.00,16870.00,16950.00,17040.00,17120.00,17210.00,17290.00,17360.00,17430.00,17500.00,17560.00,17620.00,17670.00,17720.00,17770.00,17820.00,17860.00,17910.00,17940.00,17980.00,18010.00,18040.00,18060.00,18080.00,18090.00,18100.00,18100.00,18100.00,18100.00,18090.00,18080.00,18060.00,18050.00,18030.00,18000.00,17980.00,17950.00,17930.00,17900.00,,,,
Netherlands,Key Market Indicators,Population,"Population, 0-4 Years",thousand,,988.50,1000.00,1008.00,1010.00,1004.00,989.30,970.90,953.20,937.70,927.90,923.60,920.90,916.70,908.30,898.10,888.10,879.40,873.80,869.70,865.20,862.30,865.70,873.50,884.20,897.00,909.00,916.50,920.40,923.60,925.40,925.90,925.30,923.20,919.40,914.70,908.80,901.40,893.20,884.60,876.10,867.70,859.30,851.20,843.40,834.70,826.40,819.40,812.70,806.90,802.90,799.90,,,,
Netherlands,Key Market Indicators,Population,"Population, 5-9 Years",thousand,,1.12,1.15,1.18,1.20,1.24,1.30,1.35,1.42,1.50,1.58,1.66,1.74,1.83,1.93,2.05,2.12,2.15,2.17,2.16,2.18,2.31,2.46,2.57,2.68,2.76,2.82,2.88,2.93,2.99,3.07,3.18,3.30,3.41,3.50,3.60,3.73,3.87,4.02,4.23,4.47,4.71,4.90,5.08,5.37,5.76,6.05,6.76,7.73,8.22,8.41,8.51,,,,
Netherlands,Key Market Indicators,Population,"Population, 10-14 Years",thousand,,968.70,982.30,990.80,996.00,999.00,995.20,985.70,978.50,977.70,981.70,991.80,1005.00,1014.00,1018.00,1014.00,1002.00,986.00,972.20,960.70,954.30,952.70,951.70,946.90,936.00,923.20,910.80,899.80,891.90,885.50,878.50,873.30,874.90,881.80,892.60,905.40,917.40,924.80,928.80,932.00,933.80,934.40,933.80,931.60,927.90,923.20,917.30,910.00,901.80,893.10,884.60,876.30,,,,
Netherlands,Key Market Indicators,Population,"Population, 15-19 Years",thousand,,926.50,929.80,940.00,953.90,967.20,980.70,993.30,1002.00,1008.00,1014.00,1013.00,1008.00,1005.00,1008.00,1016.00,1029.00,1045.00,1055.00,1058.00,1053.00,1039.00,1022.00,1003.00,984.80,973.40,967.80,963.30,956.70,945.80,933.10,920.70,909.70,901.90,895.40,888.40,883.30,884.80,891.80,902.60,915.40,927.30,934.80,938.80,942.00,943.80,944.40,943.80,941.70,937.90,933.30,927.40,,,,
Netherlands,Key Market Indicators,Population,"Population, 20-24 Years",thousand,,956.80,959.90,961.70,960.40,960.20,961.60,965.70,976.70,991.90,1007.00,1023.00,1039.00,1052.00,1063.00,1072.00,1076.00,1073.00,1072.00,1078.00,1088.00,1103.00,1119.00,1124.00,1118.00,1102.00,1078.00,1050.00,1027.00,1009.00,997.30,991.70,987.20,980.70,969.80,957.10,944.80,933.80,926.00,919.60,912.60,907.50,909.00,916.00,926.80,939.60,951.60,959.00,963.00,966.20,968.10,968.60,,,,
Netherlands,Key Market Indicators,Population,"Population, 25-29 Years",thousand,,1144.00,1086.00,1038.00,1006.00,990.10,986.40,990.60,994.00,994.60,996.60,1001.00,1008.00,1022.00,1040.00,1058.00,1077.00,1096.00,1111.00,1124.00,1134.00,1137.00,1134.00,1130.00,1129.00,1132.00,1141.00,1150.00,1152.00,1146.00,1130.00,1105.00,1078.00,1055.00,1036.00,1025.00,1020.00,1015.00,1009.00,997.80,985.10,972.80,961.90,954.10,947.70,940.70,935.60,937.20,944.10,955.00,967.80,979.70,,,,
Netherlands,Key Market Indicators,Population,"Population, 30-34 Years",thousand,,1313.00,1309.00,1295.00,1264.00,1214.00,1152.00,1095.00,1048.00,1018.00,1004.00,1003.00,1009.00,1015.00,1018.00,1023.00,1029.00,1038.00,1054.00,1074.00,1093.00,1113.00,1132.00,1147.00,1157.00,1165.00,1165.00,1158.00,1151.00,1150.00,1154.00,1162.00,1171.00,1174.00,1167.00,1152.00,1127.00,1100.00,1077.00,1059.00,1047.00,1042.00,1037.00,1031.00,1020.00,1007.00,995.10,984.20,976.40,970.10,963.10,958.10,,,,
Netherlands,Key Market Indicators,Population,"Population, 35-39 Years",thousand,,1320.00,1323.00,1320.00,1313.00,1308.00,1306.00,1301.00,1287.00,1258.00,1209.00,1151.00,1096.00,1053.00,1026.00,1014.00,1015.00,1024.00,1031.00,1036.00,1041.00,1048.00,1057.00,1073.00,1092.00,1111.00,1129.00,1147.00,1161.00,1171.00,1179.00,1179.00,1172.00,1165.00,1164.00,1168.00,1176.00,1186.00,1188.00,1182.00,1166.00,1141.00,1115.00,1091.00,1073.00,1062.00,1056.00,1052.00,1046.00,1035.00,1022.00,1010.00,,,,
Netherlands,Key Market Indicators,Population,"Population, 40-44 Years",thousand,,1222.00,1241.00,1261.00,1279.00,1296.00,1308.00,1311.00,1307.00,1301.00,1297.00,1297.00,1294.00,1283.00,1257.00,1211.00,1155.00,1103.00,1061.00,1036.00,1025.00,1026.00,1034.00,1041.00,1045.00,1050.00,1056.00,1065.00,1080.00,1099.00,1118.00,1136.00,1154.00,1168.00,1179.00,1186.00,1187.00,1179.00,1173.00,1172.00,1176.00,1184.00,1193.00,1196.00,1190.00,1174.00,1150.00,1123.00,1100.00,1082.00,1070.00,1065.00,,,,
Netherlands,Key Market Indicators,Population,"Population, 45-49 Years",thousand,,1138.00,1148.00,1160.00,1172.00,1189.00,1207.00,1225.00,1245.00,1263.00,1281.00,1294.00,1298.00,1296.00,1292.00,1290.00,1292.00,1291.00,1281.00,1256.00,1212.00,1157.00,1105.00,1063.00,1038.00,1027.00,1028.00,1036.00,1043.00,1047.00,1051.00,1057.00,1066.00,1082.00,1101.00,1120.00,1138.00,1156.00,1170.00,1181.00,1188.00,1188.00,1182.00,1175.00,1174.00,1178.00,1187.00,1196.00,1198.00,1192.00,1177.00,1152.00,,,,
Netherlands,Key Market Indicators,Population,"Population, 50-54 Years",thousand,,1163.00,1162.00,1132.00,1117.00,1112.00,1116.00,1126.00,1137.00,1150.00,1167.00,1186.00,1205.00,1226.00,1245.00,1264.00,1279.00,1285.00,1284.00,1281.00,1280.00,1283.00,1282.00,1273.00,1248.00,1205.00,1150.00,1099.00,1058.00,1033.00,1022.00,1023.00,1032.00,1039.00,1043.00,1047.00,1054.00,1063.00,1078.00,1097.00,1116.00,1135.00,1152.00,1166.00,1177.00,1185.00,1185.00,1178.00,1172.00,1172.00,1175.00,1184.00,,,,
Netherlands,Key Market Indicators,Population,"Population, 55-59 Years",thousand,,866.90,919.30,1001.00,1060.00,1098.00,1129.00,1129.00,1100.00,1086.00,1083.00,1087.00,1098.00,1110.00,1123.00,1141.00,1161.00,1181.00,1202.00,1222.00,1241.00,1257.00,1263.00,1263.00,1261.00,1261.00,1265.00,1265.00,1256.00,1232.00,1189.00,1136.00,1086.00,1046.00,1022.00,1011.00,1013.00,1021.00,1028.00,1032.00,1037.00,1043.00,1053.00,1068.00,1087.00,1106.00,1125.00,1142.00,1156.00,1167.00,1175.00,1176.00,,,,
Netherlands,Key Market Indicators,Population,"Population, 60-64 Years",thousand,,997.00,988.20,981.10,979.90,983.00,991.60,1003.00,1010.00,1012.00,1008.00,994.20,977.40,961.90,948.60,940.90,938.40,936.90,933.40,925.30,915.10,904.90,895.80,888.90,882.50,875.40,870.30,871.80,878.70,889.50,902.30,914.30,921.70,925.70,928.90,930.70,931.20,930.60,928.50,924.80,920.10,914.20,906.80,898.60,890.00,881.50,873.10,864.70,856.70,848.80,840.10,831.80,,,,
Netherlands,Key Market Indicators,Population,"Population, 65-69 Years",thousand,,732.30,747.30,762.00,782.40,808.40,830.20,881.20,960.50,1019.00,1056.00,1087.00,1087.00,1061.00,1048.00,1045.00,1051.00,1062.00,1074.00,1088.00,1107.00,1127.00,1147.00,1168.00,1189.00,1209.00,1225.00,1232.00,1233.00,1231.00,1232.00,1236.00,1236.00,1228.00,1205.00,1164.00,1112.00,1064.00,1025.00,1001.00,991.70,993.30,1002.00,1009.00,1013.00,1019.00,1025.00,1035.00,1050.00,1069.00,1088.00,1106.00,,,,
Netherlands,Key Market Indicators,Population,"Population, 70-74 Years",thousand,,644.10,645.40,648.10,655.80,669.50,685.80,701.00,715.90,736.30,762.00,783.40,832.80,909.00,964.70,1001.00,1031.00,1031.00,1008.00,996.40,994.90,1001.00,1012.00,1025.00,1040.00,1060.00,1080.00,1101.00,1123.00,1143.00,1163.00,1179.00,1187.00,1188.00,1187.00,1189.00,1193.00,1194.00,1187.00,1166.00,1126.00,1077.00,1031.00,994.10,971.80,963.10,965.20,974.20,981.70,986.20,991.60,998.60,,,,
Netherlands,Key Market Indicators,Population,"Population, 75-79 Years",thousand,,554.60,561.20,567.80,572.60,575.70,578.60,582.00,586.90,596.30,611.00,627.80,643.30,658.20,678.00,702.50,723.10,769.70,841.20,893.60,927.70,956.00,956.50,935.90,927.60,928.00,935.30,948.00,962.00,977.40,996.80,1017.00,1038.00,1059.00,1080.00,1100.00,1116.00,1125.00,1127.00,1127.00,1130.00,1135.00,1137.00,1132.00,1112.00,1075.00,1029.00,985.80,951.60,931.20,923.60,926.50,,,,
Netherlands,Key Market Indicators,Population,"Population, 80-84 Years",thousand,,456.80,455.70,455.30,455.60,457.90,464.10,472.00,480.20,487.20,492.80,497.90,503.20,509.70,520.00,535.10,551.60,566.30,580.40,598.80,621.10,639.10,679.80,744.00,792.80,825.30,852.60,855.90,840.20,834.70,836.90,845.30,858.50,872.90,888.60,907.90,928.20,948.90,970.10,990.60,1011.00,1027.00,1036.00,1040.00,1042.00,1046.00,1053.00,1056.00,1052.00,1035.00,1002.00,959.80,,,,
Netherlands,Key Market Indicators,Population,"Population, 85-89 Years",thousand,,281.20,294.40,306.00,318.50,330.80,336.40,337.90,340.70,344.30,348.90,356.40,365.10,373.50,380.60,387.00,393.10,398.90,405.60,415.50,429.10,442.60,453.60,465.30,481.80,501.90,519.10,556.90,613.70,655.60,683.50,706.50,710.40,700.10,698.20,702.50,711.80,725.10,739.50,755.00,773.50,793.00,812.80,833.10,853.00,872.30,888.50,898.30,903.40,907.00,912.90,921.30,,,,
Netherlands,Key Market Indicators,Population,"Population, 90-94 Years",thousand,,156.60,158.00,159.00,158.60,158.90,165.50,176.10,185.50,195.50,204.90,210.60,213.90,217.30,220.60,225.10,231.10,237.20,243.20,248.30,253.10,256.00,257.30,262.30,271.70,283.30,295.50,306.20,315.90,328.60,344.30,357.90,386.70,429.10,459.90,479.90,495.50,499.00,494.70,496.30,501.80,510.80,522.50,535.20,548.90,564.70,581.20,598.00,615.20,632.10,648.80,662.90,,,,
Netherlands,Key Market Indicators,Population,"Population, 95-99 Years",thousand,,56.61,57.54,58.54,59.85,61.72,63.35,64.54,66.10,67.29,68.66,73.04,79.38,84.60,89.44,94.14,96.75,97.92,99.09,100.40,102.30,104.20,105.50,107.90,110.80,113.50,116.60,120.00,124.00,129.10,135.40,142.00,147.60,152.80,159.90,168.80,176.40,192.50,215.80,231.80,241.40,248.20,250.10,250.00,252.80,257.30,263.40,270.90,279.00,287.70,297.50,307.60,,,,
Netherlands,Key Market Indicators,Population,"Population, 100+ Years",thousand,,11.49,11.81,12.02,12.22,12.63,13.14,13.49,14.05,14.77,15.54,16.20,16.81,17.40,17.76,18.29,19.60,21.23,22.38,23.29,24.10,24.43,24.43,24.64,25.10,25.69,26.52,27.46,28.37,29.20,30.01,30.96,32.03,33.26,34.84,36.75,38.71,40.33,41.80,44.01,46.87,49.20,54.40,61.73,66.19,68.50,69.87,70.41,71.03,72.45,74.23,76.42,,,,
Netherlands,Key Market Indicators,Population,Urban Population,thousand,,12210.00,12440.00,12700.00,12960.00,13200.00,13440.00,13650.00,13860.00,14060.00,14270.00,14480.00,14680.00,14870.00,15040.00,15210.00,15370.00,15520.00,15670.00,15810.00,15950.00,16080.00,16200.00,16320.00,16420.00,16510.00,16610.00,16700.00,16780.00,16860.00,16930.00,17000.00,17070.00,17120.00,17170.00,17220.00,17260.00,17290.00,17320.00,17340.00,17360.00,17370.00,17380.00,17380.00,17380.00,17370.00,17370.00,17360.00,17340.00,17330.00,17310.00,17290.00,,,,
Netherlands,Key Market Indicators,Population,Rural Population,thousand,,3689.00,3543.00,3354.00,3171.00,2995.00,2825.00,2671.00,2534.00,2403.00,2267.00,2139.00,2024.00,1915.00,1823.00,1748.00,1675.00,1603.00,1535.00,1471.00,1410.00,1353.00,1300.00,1249.00,1202.00,1157.00,1115.00,1075.00,1039.00,1004.00,972.30,942.00,913.30,886.10,862.10,837.90,817.00,795.90,776.30,758.40,742.10,725.70,710.90,697.80,686.40,673.20,661.60,648.20,636.50,624.80,613.10,603.10,,,,
Netherlands,Key Market Indicators,Health Care Spending,Health Spending,thousand USD (US$),,32190000.00,34760000.00,40920000.00,52480000.00,59870000.00,62320000.00,66570000.00,76750000.00,88300000.00,86970000.00,86160000.00,92590000.00,88480000.00,92810000.00,94330000.00,79020000.00,80660000.00,84270000.00,91720000.00,92210000.00,92270000.00,102800000.00,100600000.00,108300000.00,113500000.00,117300000.00,121100000.00,124500000.00,127700000.00,132400000.00,136600000.00,140600000.00,144600000.00,148300000.00,152100000.00,155700000.00,159000000.00,162300000.00,165500000.00,168300000.00,171200000.00,174000000.00,176600000.00,179000000.00,181300000.00,183500000.00,185600000.00,187600000.00,189300000.00,191000000.00,192600000.00,,,,
Netherlands,Key Market Indicators,Health Care Spending,"Health Spending, Compulsory Health Insurance (% of Health Spend)",thousand USD (US$),,0.00,0.00,0.00,0.00,0.00,0.00,0.00,0.00,0.00,0.00,0.00,0.00,0.00,0.00,0.00,0.00,0.00,0.00,0.00,0.00,0.00,0.00,0.00,0.00,0.00,0.00,0.00,0.00,0.00,0.00,0.00,0.00,0.00,0.00,0.00,0.00,0.00,0.00,0.00,0.00,0.00,,,,,,,,,,,,,,
Netherlands,Key Market Indicators,Health Care Spending,"Health Spending, Out-of-Pocket Payment (% of Health Spend)",thousand USD (US$),,0.00,0.00,0.00,0.00,0.00,0.00,0.00,0.00,0.00,0.00,0.00,0.00,0.00,0.00,0.00,0.00,0.00,0.00,0.00,0.00,0.00,0.00,0.00,0.00,0.00,0.00,0.00,0.00,0.00,0.00,0.00,0.00,0.00,0.00,0.00,0.00,0.00,0.00,0.00,0.00,0.00,,,,,,,,,,,,,,
Netherlands,Key Market Indicators,Health Care Spending,"Health Spending, Public Sector (% of Health Spend)",thousand USD (US$),,0.00,0.00,0.00,0.00,0.00,0.00,0.00,0.00,0.00,0.00,0.00,0.00,0.00,0.00,0.00,0.00,0.00,0.00,0.00,0.00,0.00,0.00,0.00,0.00,0.00,0.00,0.00,0.00,0.00,0.00,0.00,0.00,0.00,0.00,0.00,0.00,0.00,0.00,0.00,0.00,0.00,,,,,,,,,,,,,,
Netherlands,Key Market Indicators,Health Care Spending,"Health Spending, Public Sector",thousand USD (US$),,22210000.00,24200000.00,28630000.00,36800000.00,41070000.00,42630000.00,23200000.00,26740000.00,27220000.00,26640000.00,26240000.00,28400000.00,28740000.00,29240000.00,29450000.00,20760000.00,20760000.00,21850000.00,24290000.00,23950000.00,24990000.00,27120000.00,25840000.00,27060000.00,27510000.00,27570000.00,27520000.00,27370000.00,27050000.00,27020000.00,26780000.00,26640000.00,26410000.00,26090000.00,25700000.00,25230000.00,24680000.00,24060000.00,23370000.00,22620000.00,21800000.00,,,,,,,,,,,,,,
Netherlands,Key Market Indicators,Health Care Spending,"Health Spending, Private Sector",thousand USD (US$),,9962000.00,10550000.00,12280000.00,15650000.00,18800000.00,19670000.00,43370000.00,50040000.00,61050000.00,60350000.00,59880000.00,64220000.00,59730000.00,63600000.00,64850000.00,58280000.00,59930000.00,62410000.00,67450000.00,68270000.00,68580000.00,76940000.00,75930000.00,82530000.00,87200000.00,90970000.00,94700000.00,98370000.00,101700000.00,106600000.00,111000000.00,115200000.00,119400000.00,123600000.00,127700000.00,131800000.00,135700000.00,139700000.00,143500000.00,147300000.00,151000000.00,,,,,,,,,,,,,,
Netherlands,Key Market Indicators,Health Care Spending,"Health Spending, Public Sector (per Capita)",thousand USD (US$),,1.40,1.51,1.78,2.28,2.54,2.62,1.42,1.63,1.65,1.61,1.58,1.70,1.71,1.73,1.74,1.22,1.21,1.27,1.41,1.38,1.43,1.55,1.47,1.54,1.56,1.56,1.55,1.54,1.51,1.51,1.49,1.48,1.47,1.45,1.42,1.40,1.37,1.33,1.29,1.25,1.21,,,,,,,,,,,,,,
Netherlands,Key Market Indicators,Health Care Spending,"Health Spending, Voluntary Health Insurance",thousand USD (US$),,5692000.00,6175000.00,7470000.00,9646000.00,11780000.00,12420000.00,4273000.00,5007000.00,5393000.00,5494000.00,5289000.00,6036000.00,5723000.00,5645000.00,5718000.00,4688000.00,4940000.00,4919000.00,5151000.00,5062000.00,4668000.00,4931000.00,4594000.00,4726000.00,4738000.00,4703000.00,4669000.00,4637000.00,4598000.00,4627000.00,4640000.00,4649000.00,4660000.00,4673000.00,4688000.00,4705000.00,4722000.00,4741000.00,4760000.00,4780000.00,4800000.00,,,,,,,,,,,,,,
Netherlands,Key Market Indicators,Health Care Spending,"Health Spending, NPISHs",thousand USD (US$),,0.00,0.00,0.00,0.00,0.00,0.00,0.00,0.00,0.00,0.00,0.00,0.00,0.00,0.00,0.00,0.00,0.00,0.00,0.00,0.00,0.00,0.00,0.00,0.00,0.00,0.00,0.00,0.00,0.00,0.00,0.00,0.00,0.00,0.00,0.00,0.00,0.00,0.00,0.00,0.00,0.00,,,,,,,,,,,,,,
Netherlands,Key Market Indicators,Health Care Spending,"Health Spending, Enterprise Schemes",thousand USD (US$),,719800.00,741700.00,798000.00,965900.00,1055000.00,1096000.00,1002000.00,1162000.00,1140000.00,1249000.00,1195000.00,1239000.00,1176000.00,1149000.00,1197000.00,1109000.00,1141000.00,1200000.00,1358000.00,1388000.00,1398000.00,1574000.00,1557000.00,1694000.00,1790000.00,1866000.00,1939000.00,2009000.00,2072000.00,2162000.00,2242000.00,2317000.00,2389000.00,2460000.00,2528000.00,2593000.00,2656000.00,2716000.00,2773000.00,2827000.00,2879000.00,,,,,,,,,,,,,,
Netherlands,Key Market Indicators,Health Care Spending,"Health Spending, Out-of-Pocket Payment",thousand USD (US$),,3550000.00,3637000.00,4015000.00,5038000.00,5964000.00,6158000.00,5543000.00,6057000.00,8759000.00,7890000.00,7833000.00,8783000.00,8927000.00,10710000.00,10930000.00,8921000.00,9098000.00,9310000.00,9903000.00,9744000.00,9349000.00,10240000.00,9890000.00,10530000.00,10910000.00,11170000.00,11420000.00,11670000.00,11880000.00,12260000.00,12590000.00,12870000.00,13150000.00,13410000.00,13670000.00,13930000.00,14170000.00,14410000.00,14630000.00,14850000.00,15060000.00,,,,,,,,,,,,,,
Netherlands,Key Market Indicators,Health Care Spending,"Health Spending, Compulsory Health Insurance (per Capita)",thousand USD (US$),,1.30,1.41,1.66,2.13,2.37,2.43,3.20,3.68,4.15,4.09,4.06,4.30,4.06,4.19,4.23,3.49,3.53,3.70,4.02,4.04,4.06,4.52,4.43,4.78,5.02,5.19,5.36,5.52,5.66,5.88,6.07,6.25,6.42,6.59,6.75,6.91,7.07,7.21,7.36,7.50,7.63,,,,,,,,,,,,,,
Netherlands,Key Market Indicators,Society,Human Development Index,index,,0.88,0.89,0.89,0.89,0.90,0.90,0.90,0.91,0.91,0.91,0.92,0.92,0.92,0.93,0.93,0.93,0.94,0.94,0.94,0.94,0.94,0.95,0.95,0.95,0.95,0.96,0.96,0.96,0.96,0.96,0.97,0.97,0.97,0.97,0.98,0.98,0.98,0.98,0.98,0.99,0.99,0.99,0.99,1.00,1.00,1.00,1.00,1.00,1.00,1.00,1.00,,,,
Netherlands,Key Market Indicators,Society,Average Age,index,,13810.00,13880.00,13940.00,13990.00,14040.00,14100.00,14170.00,14250.00,14340.00,14430.00,14510.00,14600.00,14680.00,14750.00,14820.00,14900.00,14990.00,15080.00,15170.00,15260.00,15350.00,15440.00,15510.00,15590.00,15660.00,15730.00,15800.00,15870.00,15940.00,16000.00,16070.00,16130.00,16180.00,16230.00,16290.00,16340.00,16390.00,16430.00,16470.00,16520.00,16560.00,,,,,,,,,,,,,,
Netherlands,Key Market Indicators,Consumer Spending,"Consumer Spending, Health (per Capita)",thousand USD (US$),,0.53,0.56,0.66,0.83,0.97,1.02,0.53,0.62,0.75,0.72,0.69,0.75,0.73,0.83,0.84,0.70,0.72,0.74,0.79,0.77,0.72,0.84,0.82,0.87,0.90,0.91,0.92,0.93,0.94,0.96,0.98,0.99,1.01,1.02,1.04,1.05,1.06,1.07,1.09,1.10,1.11,1.12,1.12,1.13,1.14,1.15,1.15,1.16,1.16,1.17,1.17,,,,
Netherlands,Key Market Indicators,Exchange Rates,EUR (€),,,1.08,1.12,1.06,0.89,0.81,0.80,0.80,0.73,0.68,0.72,0.75,0.72,0.78,0.75,0.75,0.90,0.90,0.89,0.85,0.89,0.88,0.85,0.95,0.94,0.95,0.95,0.95,0.96,0.97,0.96,0.96,0.96,0.96,0.96,0.96,0.97,0.97,0.97,0.97,0.97,0.97,0.97,0.97,0.97,0.97,0.97,0.97,0.97,0.97,0.97,0.97,,,,
Netherlands,Key Market Indicators,Exchange Rates,GBP (£),,,0.66,0.70,0.67,0.61,0.55,0.55,0.54,0.50,0.54,0.64,0.65,0.62,0.63,0.64,0.61,0.65,0.74,0.78,0.75,0.78,0.78,0.73,0.81,0.82,0.80,0.79,0.77,0.76,0.74,0.74,0.74,0.74,0.74,0.75,0.75,0.75,0.75,0.75,0.75,0.75,0.75,0.75,0.76,0.76,0.76,0.76,0.76,0.76,0.76,0.76,0.76,,,,
Netherlands,Key Market Indicators,Exchange Rates,AUD (AU$),,,1.72,1.93,1.84,1.53,1.36,1.31,1.33,1.19,1.17,1.26,1.09,0.97,0.97,1.03,1.11,1.33,1.34,1.30,1.34,1.44,1.45,1.33,1.44,1.44,1.45,1.47,1.48,1.49,1.50,1.54,1.55,1.55,1.56,1.56,1.57,1.57,1.58,1.58,1.58,1.59,1.59,1.60,1.60,1.61,1.61,1.61,1.62,1.62,1.63,1.63,1.63,,,,
Netherlands,Key Market Indicators,Exchange Rates,CAD (C$),,,1.49,1.55,1.57,1.40,1.30,1.21,1.13,1.07,1.07,1.14,1.03,0.99,1.00,1.03,1.11,1.28,1.33,1.30,1.30,1.33,1.34,1.25,1.30,1.36,1.35,1.35,1.34,1.33,1.32,1.33,1.34,1.34,1.34,1.34,1.34,1.34,1.34,1.34,1.34,1.34,1.34,1.34,1.34,1.34,1.35,1.35,1.35,1.35,1.35,1.35,1.35,,,,
Netherlands,Key Market Indicators,Exchange Rates,CHF (CHF),,,1.69,1.69,1.56,1.35,1.24,1.25,1.25,1.20,1.08,1.09,1.04,0.89,0.94,0.93,0.92,0.96,0.99,0.99,0.98,0.99,0.94,0.91,0.96,0.92,0.90,0.89,0.87,0.86,0.84,0.83,0.83,0.83,0.83,0.82,0.82,0.82,0.82,0.82,0.81,0.81,0.81,0.81,0.81,0.81,0.81,0.80,0.80,0.80,0.80,0.80,0.80,,,,
Netherlands,Key Market Indicators,Exchange Rates,CNY (CN¥),,,8.28,8.28,8.28,8.28,8.28,8.20,7.97,7.61,6.95,6.83,6.77,6.46,6.31,6.20,6.14,6.23,6.65,6.76,6.62,6.91,6.90,6.45,6.74,6.69,6.60,6.49,6.38,6.27,6.16,6.14,6.12,6.10,6.08,6.06,6.05,6.03,6.01,6.00,5.99,5.97,5.96,5.95,5.94,5.93,5.92,5.91,5.90,5.89,5.88,5.87,5.87,,,,
Netherlands,Key Market Indicators,Exchange Rates,JPY (JP¥),,,107.80,121.50,125.40,115.90,108.20,110.20,116.30,117.80,103.40,93.57,87.78,79.81,79.79,97.60,105.90,121.00,108.80,112.20,110.40,109.00,106.80,109.80,131.50,132.80,134.10,130.80,128.00,126.20,121.90,119.60,119.10,118.70,118.20,117.80,117.40,117.00,116.70,116.30,116.00,115.70,115.40,115.10,114.70,114.40,114.10,113.80,113.50,113.20,112.90,112.70,112.50,,,,
Netherlands,Key Market Indicators,Exchange Rates,KRW (₩),,,1130.00,1291.00,1252.00,1192.00,1146.00,1024.00,955.30,929.40,1100.00,1277.00,1157.00,1108.00,1127.00,1095.00,1053.00,1131.00,1161.00,1131.00,1100.00,1165.00,1180.00,1144.00,1291.00,1301.00,1312.00,1313.00,1314.00,1313.00,1313.00,1313.00,1317.00,1320.00,1324.00,1327.00,1331.00,1334.00,1337.00,1339.00,1342.00,1345.00,1347.00,1349.00,1351.00,1353.00,1354.00,1356.00,1358.00,1359.00,1360.00,1362.00,1363.00,,,,
Netherlands,Key Market Indicators,Exchange Rates,INR (₹),,,45.69,47.69,48.41,45.95,44.93,44.27,45.25,40.26,45.99,47.44,45.56,47.92,54.41,60.50,61.14,65.47,67.07,64.45,69.92,70.90,74.22,74.50,80.40,81.64,83.49,85.29,87.17,89.02,90.87,93.15,94.99,96.77,98.49,100.20,101.80,103.30,104.80,106.30,107.70,109.00,110.30,111.60,112.80,114.00,115.10,116.20,117.30,118.30,119.20,120.10,121.00,,,,
Netherlands,Key Market Indicators,Health,"Hospital Beds (per 1,000 Inhabitants)",,,4.92,4.75,4.69,4.58,4.56,4.50,4.34,4.31,4.27,4.20,4.05,3.84,3.75,3.61,3.55,3.49,3.41,3.28,3.17,3.17,3.11,3.05,2.98,2.91,2.83,2.76,2.69,2.62,2.54,2.47,2.39,2.31,2.24,2.16,2.08,2.01,1.94,1.86,1.79,1.71,1.64,1.57,1.50,1.42,1.35,1.28,1.21,1.14,1.07,1.00,0.93,,,,
Netherlands,Key Market Indicators,Health,"Physicians (per 1,000 People)",,,2.44,2.52,2.58,2.62,2.65,2.70,2.78,2.77,2.85,2.91,2.95,3.12,3.25,3.31,3.42,3.49,3.55,3.63,3.71,3.77,3.83,3.89,3.95,4.01,4.07,4.13,4.18,4.24,4.29,4.34,4.39,4.44,4.48,4.53,4.57,4.62,4.66,4.70,4.73,4.77,4.81,4.84,4.87,4.91,4.94,4.97,4.99,5.02,5.05,5.08,5.10,,,,
Netherlands,Key Market Indicators,Health,"Physiotherapeuts (per 1,000 people)",,,1.41,1.45,1.49,1.52,1.51,1.55,1.63,1.65,1.72,1.77,1.82,1.87,1.92,1.94,1.90,1.86,1.91,1.91,2.00,2.01,2.03,2.05,2.07,2.08,2.09,2.10,2.11,2.12,2.13,2.13,2.14,2.14,2.14,2.15,2.15,2.16,2.16,2.16,2.17,2.17,2.17,,,,,,,,,,,,,,
Netherlands,Key Market Indicators,Health,"Pharmacists (per 1,000 people)",,,0.16,0.16,0.17,0.18,0.18,0.18,0.19,0.20,0.19,0.20,0.20,0.21,0.21,0.21,0.21,0.21,0.21,0.21,0.22,0.22,0.22,0.22,0.22,0.22,0.22,0.22,0.22,0.23,0.23,0.23,0.23,0.23,0.23,0.23,0.23,0.23,0.23,0.23,0.23,0.23,0.23,,,,,,,,,,,,,,
Netherlands,Key Market Indicators,Health,"Dentists (per 1,000 people)",,,0.42,0.41,0.40,0.40,0.41,0.41,0.43,0.45,0.45,0.46,0.47,0.49,0.49,0.49,0.50,0.51,0.51,0.50,0.52,0.52,0.52,0.53,0.53,0.53,0.53,0.53,0.53,0.53,0.53,0.54,0.54,0.54,0.54,0.54,0.54,0.54,0.54,0.54,0.54,0.54,0.54,,,,,,,,,,,,,,
Netherlands,Key Market Indicators,Health,"Nurses and midwives (per 1,000 people)",,,7.80,7.89,7.97,8.14,8.26,8.31,8.30,8.38,8.49,8.80,9.12,9.46,9.80,10.16,10.53,10.75,10.93,11.25,11.49,11.75,12.01,12.29,12.56,12.83,13.11,13.38,13.65,13.92,14.20,14.47,14.75,15.03,15.30,15.57,15.85,16.12,16.38,16.65,16.92,17.18,17.45,17.71,17.97,18.23,18.49,18.75,19.00,19.26,19.51,19.76,20.01,,,,
Netherlands,Key Market Indicators,Health,Alcohol Consumption (per Adult),,,11.08,11.01,10.93,10.86,10.78,10.71,10.61,10.51,10.41,10.31,10.21,10.07,9.94,9.81,9.68,9.55,9.57,9.59,9.61,9.62,9.60,9.58,9.56,9.53,9.51,9.49,9.46,9.44,9.42,9.39,9.37,9.35,9.33,9.31,9.28,9.26,9.24,9.22,9.20,9.19,9.17,9.15,9.13,9.11,9.10,9.08,9.06,9.05,9.03,9.01,9.00,,,,
Netherlands,Key Market Indicators,Health,Access to at Least Basic Drinking Water (% of Population),,,1.00,1.00,1.00,1.00,1.00,1.00,1.00,1.00,1.00,1.00,1.00,1.00,1.00,1.00,1.00,1.00,1.00,1.00,1.00,1.00,1.00,1.00,1.00,1.00,1.00,1.00,1.00,1.00,1.00,1.00,1.00,1.00,1.00,1.00,1.00,1.00,1.00,1.00,1.00,1.00,1.00,1.00,1.00,1.00,1.00,1.00,1.00,1.00,1.00,1.00,1.00,,,,
Netherlands,Key Market Indicators,Health,Access to Safely Managed Drinking Water (% of Population),,,1.00,1.00,1.00,1.00,1.00,1.00,1.00,1.00,1.00,1.00,1.00,1.00,1.00,1.00,1.00,0.99,0.99,0.99,0.99,0.99,0.98,0.98,0.98,0.98,0.98,0.98,0.98,0.98,0.97,0.97,0.97,0.97,0.97,0.97,0.97,0.97,0.97,0.97,0.97,0.97,0.97,,,,,,,,,,,,,,
Netherlands,Key Market Indicators,Health,Diabetes Prevalence (% of Population Aged 20 to 79),,,,,,,,,,,,,0.05,0.05,0.05,0.05,0.05,0.05,0.05,0.05,0.05,0.05,0.05,0.05,0.05,0.05,0.05,0.05,0.05,0.05,0.05,0.06,0.06,0.06,0.06,0.06,0.06,0.06,0.06,0.06,0.06,0.06,0.06,,,,,,,,,,,,,,
Netherlands,Key Market Indicators,Health,Diabetes Patients (20-79 Years),,,,,,,,,,,,,641100.00,645100.00,649000.00,652900.00,657000.00,661400.00,665200.00,669100.00,673100.00,677200.00,680900.00,684000.00,687200.00,690100.00,692400.00,694000.00,693900.00,693500.00,692700.00,692000.00,691300.00,690300.00,689400.00,688600.00,687500.00,686200.00,684200.00,682200.00,680100.00,677900.00,675600.00,,,,,,,,,,,,,,
Netherlands,Key Market Indicators,Health,Obesity Prevalence (% of Adult Population),,,0.13,0.14,0.14,0.14,0.15,0.15,0.16,0.16,0.17,0.17,0.18,0.18,0.19,0.19,0.20,0.20,0.20,0.21,0.21,0.21,0.22,0.22,0.22,0.22,0.22,0.22,0.23,0.23,0.23,0.23,0.23,0.23,0.23,0.23,0.23,0.23,0.23,0.23,0.23,0.23,0.23,,,,,,,,,,,,,,
Netherlands,Key Market Indicators,Price Level Index (PLI),"Price Level Index, Health",index,,58.90,58.27,61.78,73.08,84.98,83.96,85.36,91.55,95.85,89.74,83.93,90.64,92.18,99.36,99.46,81.31,78.46,79.57,83.31,80.46,81.94,85.36,77.78,82.30,82.37,83.58,84.19,84.27,83.59,84.28,83.92,83.42,82.90,82.31,81.68,81.03,80.38,79.73,79.07,78.41,77.74,77.09,76.41,75.67,74.88,74.00,73.02,71.91,70.65,69.19,67.50,,,,
Netherlands,Key Market Indicators,Gross Domestic Product (GDP),GDP,trillion USD (US$),,0.42,0.43,0.47,0.58,0.66,0.69,0.73,0.85,0.95,0.87,0.85,0.91,0.84,0.88,0.89,0.77,0.78,0.83,0.91,0.91,0.91,1.01,0.99,1.07,1.13,1.17,1.20,1.24,1.27,1.32,1.37,1.41,1.45,1.49,1.53,1.57,1.60,1.64,1.67,1.71,1.74,1.77,1.80,1.82,1.85,1.87,1.90,1.92,1.94,1.96,1.98,,,,
,,,,,,,,,,,,,,,,,,,,,,,,,,,,,,,,,,,,,,,,,,,,,,,,,,,,,,,,,,,,
,,,,,,,,,,,,,,,,,,,,,,,,,,,,,,,,,,,,,,,,,,,,,,,,,,,,,,,,,,,,
,,,,,,,,,,,,,,,,,,,,,,,,,,,,,,,,,,,,,,,,,,,,,,,,,,,,,,,,,,,,
,,,,,,,,,,,,,,,,,,,,,,,,,,,,,,,,,,,,,,,,,,,,,,,,,,,,,,,,,,,,
,,,,,,,,,,,,,,,,,,,,,,,,,,,,,,,,,,,,,,,,,,,,,,,,,,,,,,,,,,,,
,,,,,,,,,,,,,,,,,,,,,,,,,,,,,,,,,,,,,,,,,,,,,,,,,,,,,,,,,,,,
,,,,,,,,,,,,,,,,,,,,,,,,,,,,,,,,,,,,,,,,,,,,,,,,,,,,,,,,,,,,
,,,,,,,,,,,,,,,,,,,,,,,,,,,,,,,,,,,,,,,,,,,,,,,,,,,,,,,,,,,,
,,,,,,,,,,,,,,,,,,,,,,,,,,,,,,,,,,,,,,,,,,,,,,,,,,,,,,,,,,,,
,,,,,,,,,,,,,,,,,,,,,,,,,,,,,,,,,,,,,,,,,,,,,,,,,,,,,,,,,,,,
,,,,,,,,,,,,,,,,,,,,,,,,,,,,,,,,,,,,,,,,,,,,,,,,,,,,,,,,,,,,
,,,,,,,,,,,,,,,,,,,,,,,,,,,,,,,,,,,,,,,,,,,,,,,,,,,,,,,,,,,,
,,,,,,,,,,,,,,,,,,,,,,,,,,,,,,,,,,,,,,,,,,,,,,,,,,,,,,,,,,,,
,,,,,,,,,,,,,,,,,,,,,,,,,,,,,,,,,,,,,,,,,,,,,,,,,,,,,,,,,,,,
,,,,,,,,,,,,,,,,,,,,,,,,,,,,,,,,,,,,,,,,,,,,,,,,,,,,,,,,,,,,
,,,,,,,,,,,,,,,,,,,,,,,,,,,,,,,,,,,,,,,,,,,,,,,,,,,,,,,,,,,,
,,,,,,,,,,,,,,,,,,,,,,,,,,,,,,,,,,,,,,,,,,,,,,,,,,,,,,,,,,,,
,,,,,,,,,,,,,,,,,,,,,,,,,,,,,,,,,,,,,,,,,,,,,,,,,,,,,,,,,,,,
,,,,,,,,,,,,,,,,,,,,,,,,,,,,,,,,,,,,,,,,,,,,,,,,,,,,,,,,,,,,
,,,,,,,,,,,,,,,,,,,,,,,,,,,,,,,,,,,,,,,,,,,,,,,,,,,,,,,,,,,,
,,,,,,,,,,,,,,,,,,,,,,,,,,,,,,,,,,,,,,,,,,,,,,,,,,,,,,,,,,,,
,,,,,,,,,,,,,,,,,,,,,,,,,,,,,,,,,,,,,,,,,,,,,,,,,,,,,,,,,,,,
,,,,,,,,,,,,,,,,,,,,,,,,,,,,,,,,,,,,,,,,,,,,,,,,,,,,,,,,,,,,
,,,,,,,,,,,,,,,,,,,,,,,,,,,,,,,,,,,,,,,,,,,,,,,,,,,,,,,,,,,,
,,,,,,,,,,,,,,,,,,,,,,,,,,,,,,,,,,,,,,,,,,,,,,,,,,,,,,,,,,,,
,,,,,,,,,,,,,,,,,,,,,,,,,,,,,,,,,,,,,,,,,,,,,,,,,,,,,,,,,,,,
,,,,,,,,,,,,,,,,,,,,,,,,,,,,,,,,,,,,,,,,,,,,,,,,,,,,,,,,,,,,
,,,,,,,,,,,,,,,,,,,,,,,,,,,,,,,,,,,,,,,,,,,,,,,,,,,,,,,,,,,,
,,,,,,,,,,,,,,,,,,,,,,,,,,,,,,,,,,,,,,,,,,,,,,,,,,,,,,,,,,,,
,,,,,,,,,,,,,,,,,,,,,,,,,,,,,,,,,,,,,,,,,,,,,,,,,,,,,,,,,,,,
,,,,,,,,,,,,,,,,,,,,,,,,,,,,,,,,,,,,,,,,,,,,,,,,,,,,,,,,,,,,
,,,,,,,,,,,,,,,,,,,,,,,,,,,,,,,,,,,,,,,,,,,,,,,,,,,,,,,,,,,,
,,,,,,,,,,,,,,,,,,,,,,,,,,,,,,,,,,,,,,,,,,,,,,,,,,,,,,,,,,,,
,,,,,,,,,,,,,,,,,,,,,,,,,,,,,,,,,,,,,,,,,,,,,,,,,,,,,,,,,,,,
,,,,,,,,,,,,,,,,,,,,,,,,,,,,,,,,,,,,,,,,,,,,,,,,,,,,,,,,,,,,
,,,,,,,,,,,,,,,,,,,,,,,,,,,,,,,,,,,,,,,,,,,,,,,,,,,,,,,,,,,,
,,,,,,,,,,,,,,,,,,,,,,,,,,,,,,,,,,,,,,,,,,,,,,,,,,,,,,,,,,,,
,,,,,,,,,,,,,,,,,,,,,,,,,,,,,,,,,,,,,,,,,,,,,,,,,,,,,,,,,,,,
,,,,,,,,,,,,,,,,,,,,,,,,,,,,,,,,,,,,,,,,,,,,,,,,,,,,,,,,,,,,
,,,,,,,,,,,,,,,,,,,,,,,,,,,,,,,,,,,,,,,,,,,,,,,,,,,,,,,,,,,,
,,,,,,,,,,,,,,,,,,,,,,,,,,,,,,,,,,,,,,,,,,,,,,,,,,,,,,,,,,,,
,,,,,,,,,,,,,,,,,,,,,,,,,,,,,,,,,,,,,,,,,,,,,,,,,,,,,,,,,,,,
,,,,,,,,,,,,,,,,,,,,,,,,,,,,,,,,,,,,,,,,,,,,,,,,,,,,,,,,,,,,
,,,,,,,,,,,,,,,,,,,,,,,,,,,,,,,,,,,,,,,,,,,,,,,,,,,,,,,,,,,,
,,,,,,,,,,,,,,,,,,,,,,,,,,,,,,,,,,,,,,,,,,,,,,,,,,,,,,,,,,,,
,,,,,,,,,,,,,,,,,,,,,,,,,,,,,,,,,,,,,,,,,,,,,,,,,,,,,,,,,,,,
,,,,,,,,,,,,,,,,,,,,,,,,,,,,,,,,,,,,,,,,,,,,,,,,,,,,,,,,,,,,
,,,,,,,,,,,,,,,,,,,,,,,,,,,,,,,,,,,,,,,,,,,,,,,,,,,,,,,,,,,,
,,,,,,,,,,,,,,,,,,,,,,,,,,,,,,,,,,,,,,,,,,,,,,,,,,,,,,,,,,,,
,,,,,,,,,,,,,,,,,,,,,,,,,,,,,,,,,,,,,,,,,,,,,,,,,,,,,,,,,,,,
,,,,,,,,,,,,,,,,,,,,,,,,,,,,,,,,,,,,,,,,,,,,,,,,,,,,,,,,,,,,
,,,,,,,,,,,,,,,,,,,,,,,,,,,,,,,,,,,,,,,,,,,,,,,,,,,,,,,,,,,,
,,,,,,,,,,,,,,,,,,,,,,,,,,,,,,,,,,,,,,,,,,,,,,,,,,,,,,,,,,,,
,,,,,,,,,,,,,,,,,,,,,,,,,,,,,,,,,,,,,,,,,,,,,,,,,,,,,,,,,,,,
,,,,,,,,,,,,,,,,,,,,,,,,,,,,,,,,,,,,,,,,,,,,,,,,,,,,,,,,,,,,
,,,,,,,,,,,,,,,,,,,,,,,,,,,,,,,,,,,,,,,,,,,,,,,,,,,,,,,,,,,,
,,,,,,,,,,,,,,,,,,,,,,,,,,,,,,,,,,,,,,,,,,,,,,,,,,,,,,,,,,,,
,,,,,,,,,,,,,,,,,,,,,,,,,,,,,,,,,,,,,,,,,,,,,,,,,,,,,,,,,,,,
,,,,,,,,,,,,,,,,,,,,,,,,,,,,,,,,,,,,,,,,,,,,,,,,,,,,,,,,,,,,
,,,,,,,,,,,,,,,,,,,,,,,,,,,,,,,,,,,,,,,,,,,,,,,,,,,,,,,,,,,,
,,,,,,,,,,,,,,,,,,,,,,,,,,,,,,,,,,,,,,,,,,,,,,,,,,,,,,,,,,,,
,,,,,,,,,,,,,,,,,,,,,,,,,,,,,,,,,,,,,,,,,,,,,,,,,,,,,,,,,,,,
,,,,,,,,,,,,,,,,,,,,,,,,,,,,,,,,,,,,,,,,,,,,,,,,,,,,,,,,,,,,
,,,,,,,,,,,,,,,,,,,,,,,,,,,,,,,,,,,,,,,,,,,,,,,,,,,,,,,,,,,,
,,,,,,,,,,,,,,,,,,,,,,,,,,,,,,,,,,,,,,,,,,,,,,,,,,,,,,,,,,,,
,,,,,,,,,,,,,,,,,,,,,,,,,,,,,,,,,,,,,,,,,,,,,,,,,,,,,,,,,,,,
,,,,,,,,,,,,,,,,,,,,,,,,,,,,,,,,,,,,,,,,,,,,,,,,,,,,,,,,,,,,
,,,,,,,,,,,,,,,,,,,,,,,,,,,,,,,,,,,,,,,,,,,,,,,,,,,,,,,,,,,,
,,,,,,,,,,,,,,,,,,,,,,,,,,,,,,,,,,,,,,,,,,,,,,,,,,,,,,,,,,,,
,,,,,,,,,,,,,,,,,,,,,,,,,,,,,,,,,,,,,,,,,,,,,,,,,,,,,,,,,,,,